id,Course Name,Provider,Skills,Rating,Total Reviews,Level,Duration
1,Google Data Analytics,Google,"Data Storytelling, Rmarkdown, Data Literacy, Data Visualization, Data Presentation, Data Ethics, Data Cleansing, Interactive Data Visualization, Data Validation, Ggplot2, Tableau Software, Sampling (Statistics), Presentations, Spreadsheet Software, Data Analysis, Data Visualization Software, Stakeholder Communications, Data Processing, Interviewing Skills, Applicant Tracking Systems",4.8,173K reviews,Beginner,3 - 6 Months
2,Google Cybersecurity,Google,"Threat Modeling, Network Security, Incident Response, Vulnerability Management, Computer Security Incident Management, Hardening, Intrusion Detection and Prevention, Cyber Threat Intelligence, Threat Management, Cyber Attacks, Cybersecurity, Network Protocols, Cloud Security, Vulnerability Assessments, Bash (Scripting Language), Debugging, Linux, Interviewing Skills, Python Programming, SQL",4.8,56K reviews,Beginner,3 - 6 Months
3,Google Project Management:,Google,"Quality Management, Project Management Life Cycle, Requirements Analysis, Project Scoping, Project Closure, Project Management, Project Planning, Agile Project Management, Continuous Improvement Process, Project Controls, Backlogs, Stakeholder Communications, Milestones (Project Management), Quality Assessment, Team Management, Agile Methodology, Project Documentation, Change Management, Interviewing Skills, Applicant Tracking Systems",4.8,133K reviews,Beginner,3 - 6 Months
4,Google Digital Marketing & E-commerce,Google,"Data Storytelling, Search Engine Marketing, Media Planning, Social Media Marketing, Google Ads, Email Marketing, Social Media Strategy, Search Engine Optimization, Order Fulfillment, Social Media Management, Performance Measurement, Spreadsheet Software, A/B Testing, Customer Relationship Management, E-Commerce, Campaign Management, Loyalty Programs, Marketing, Interviewing Skills, Applicant Tracking Systems",4.8,43K reviews,Beginner,3 - 6 Months
5,Google IT Support,Google,"Computer Networking, Package and Software Management, Network Troubleshooting, Systems Administration, Cloud Infrastructure, IT Infrastructure, Information Systems Security, TCP/IP, Network Security, File Systems, Microsoft Windows, Computer Security, Network Architecture, Application Security, Desktop Support, Computer Hardware, Technical Support, Interviewing Skills, Applicant Tracking Systems, Professional Development",4.8,206K reviews,Beginner,3 - 6 Months
6,Google UX Design,Google,"Responsive Web Design, Storyboarding, Wireframing, User Experience Design, UI/UX Research, Usability Testing, Information Architecture, Presentations, User Research, Figma (Design Software), Design Reviews, Persona (User Experience), Web Content Accessibility Guidelines, Mobile Development, User Story, Cross Platform Development, Data Ethics, Usability, Interviewing Skills, Applicant Tracking Systems",4.8,93K reviews,Beginner,3 - 6 Months
7,IBM Generative AI Engineering,IBM,"Exploratory Data Analysis, Prompt Engineering, Data Wrangling, Large Language Modeling, Unsupervised Learning, PyTorch (Machine Learning Library), Generative AI, Restful API, ChatGPT, Keras (Neural Network Library), Data Transformation, Supervised Learning, Flask (Web Framework), Data Analysis, Data Cleansing, Data Manipulation, Deep Learning, Jupyter, Regression Analysis, Data Import/Export",4.6,91K reviews,Beginner,3 - 6 Months
8,IBM Data Analyst,IBM,"Exploratory Data Analysis, Data Storytelling, Data Wrangling, Dashboard, Data Visualization Software, Plotly, Data Visualization, SQL, Generative AI, Interactive Data Visualization, Data Transformation, Data Analysis, Data Cleansing, Jupyter, Big Data, IBM Cognos Analytics, Excel Formulas, Python Programming, Professional Networking, Microsoft Excel",4.6,94K reviews,Beginner,3 - 6 Months
9,Google Advanced Data Analytics,Google,"Data Storytelling, Data Visualization, Data Ethics, Exploratory Data Analysis, Sampling (Statistics), Data Presentation, Data Visualization Software, Feature Engineering, Regression Analysis, Descriptive Statistics, Statistical Hypothesis Testing, Advanced Analytics, Data Analysis, Tableau Software, Data Science, Statistical Analysis, Machine Learning, Object Oriented Programming (OOP), Interviewing Skills, Python Programming",4.7,8K reviews,Advanced,3 - 6 Months
10,IBM Data Science,IBM,"Exploratory Data Analysis, Data Wrangling, Dashboard, Data Visualization Software, Data Visualization, SQL, Unsupervised Learning, Plotly, Interactive Data Visualization, Data Transformation, Supervised Learning, Jupyter, Data Analysis, Data Cleansing, Data Manipulation, Data Literacy, Data Mining, Matplotlib, Generative AI, Professional Networking",4.6,146K reviews,Beginner,3 - 6 Months
11,IBM AI Developer,IBM,"Prompt Engineering, Software Development Life Cycle, Large Language Modeling, Software Architecture, Responsive Web Design, Restful API, ChatGPT, Flask (Web Framework), Generative AI, Software Design, Cascading Style Sheets (CSS), Jupyter, Scrum (Software Development), Application Deployment, Software Engineering, Software Design Patterns, Python Programming, Engineering Software, Machine Learning, Data Science",4.6,73K reviews,Beginner,3 - 6 Months
12,Google IT Automation with Python,Google,"Git (Version Control System), GitHub, Version Control, Cloud Services, Debugging, Puppet (Configuration Management Tool), Infrastructure as Code (IaC), Bash (Scripting Language), CI/CD, Cloud Computing, Technical Communication, Unit Testing, Web Services, Configuration Management, Scripting, Automation, Python Programming, Interviewing Skills, Applicant Tracking Systems, Programming Principles",4.7,50K reviews,Advanced,3 - 6 Months
13,Google Business Intelligence,Google,"Data Modeling, Stakeholder Engagement, Database Design, Dashboard, Business Intelligence, Extract, Transform, Load, Tableau Software, Data Warehousing, Stakeholder Communications, Data Pipelines, Interactive Data Visualization, Data Integrity, Data Visualization, Interviewing Skills, Applicant Tracking Systems, Business Process, Business Analysis, Professional Development, Data Analysis, SQL",4.8,4.4K reviews,Advanced,3 - 6 Months
14,IBM AI Product Manager,IBM,"Prompt Engineering, Generative AI, New Product Development, Product Management, Product Lifecycle Management, Product Development, Innovation, Product Roadmaps, ChatGPT, Product Planning, Commercialization, Artificial Intelligence, Product Strategy, Project Management Life Cycle, OpenAI, Stakeholder Engagement, Stakeholder Management, Competitive Analysis, Product Testing, Business Development",4.7,29K reviews,Beginner,3 - 6 Months
15,IBM Full Stack Software Developer,IBM,"Prompt Engineering, Istio, Node.JS, Software Development Life Cycle, Software Architecture, Kubernetes, Cloud Computing Architecture, Server Side, Application Deployment, React Redux, Cloud Services, Responsive Web Design, Restful API, Django (Web Framework), Object-Relational Mapping, Git (Version Control System), Full-Stack Web Development, Cloud Computing, Jupyter, Engineering Software",4.6,57K reviews,Beginner,3 - 6 Months
16,Microsoft Power BI Data Analyst,Microsoft,"Power BI, Microsoft Excel, Data Analysis, Data Visualization, Data Storage, Data Collection, Data Quality, Business Intelligence, Timelines, Microsoft Power Platform, Advanced Analytics, Database Design, Statistical Reporting, Statistical Visualization, Analytical Skills, Data Integration, Data Storage Technologies, SQL, Data Manipulation, Microsoft SQL Servers",4.6,8K reviews,Beginner,3 - 6 Months
17,IBM DevOps and Software Engineering,IBM,"User Story, CI/CD, Istio, Open Web Application Security Project (OWASP), Continuous Integration, Software Development Life Cycle, Software Architecture, Linux Commands, Kubernetes, Cloud Computing Architecture, Application Deployment, Test Driven Development (TDD), Gherkin (Scripting Language), Restful API, Git (Version Control System), DevOps, Jupyter, Grafana, Software Engineering, Application Development",4.6,62K reviews,Beginner,3 - 6 Months
18,IBM Data Analytics with Excel and R,IBM,"Data Storytelling, Interactive Data Visualization, Data Visualization Software, Data Visualization, Shiny (R Package), Data Wrangling, Exploratory Data Analysis, Relational Databases, Big Data, Ggplot2, Database Design, Data Analysis, IBM Cognos Analytics, Data Presentation, Data Mining, Dashboard, Excel Formulas, Data Manipulation, Web Scraping, Microsoft Excel",4.7,30K reviews,Beginner,3 - 6 Months
19,IBM Back-End Development,IBM,"Istio, Open Web Application Security Project (OWASP), Software Development Life Cycle, Software Architecture, Linux Commands, Kubernetes, Application Deployment, NoSQL, Bash (Scripting Language), MongoDB, Restful API, Shell Script, Django (Web Framework), Object-Relational Mapping, Cloud-Native Computing, Git (Version Control System), Jupyter, Grafana, Microservices, Python Programming",4.6,50K reviews,Beginner,3 - 6 Months
20,IBM Data Engineering,IBM,"NoSQL, Data Warehousing, SQL, Apache Hadoop, Extract, Transform, Load, Apache Airflow, Web Scraping, Linux Commands, Database Design, IBM Cognos Analytics, MySQL, Apache Spark, Database Administration, Data Store, Jupyter, Generative AI, Professional Networking, Python Programming, Data Analysis, Data Science",4.6,60K reviews,Beginner,3 - 6 Months
21,IBM Relational Database Administrator,IBM,"Data Engineering, Data Warehousing, SQL, Extract, Transform, Load, Apache Airflow, Web Scraping, Linux Commands, Database Design, Database Administration, MySQL, Data Pipelines, Apache Kafka, Database Management, Bash (Scripting Language), Shell Script, Database Architecture and Administration, Data Store, Jupyter, Generative AI, Data Security",4.6,59K reviews,Intermediate,3 - 6 Months
22,IBM AI Engineering,IBM,"Prompt Engineering, Large Language Modeling, PyTorch (Machine Learning Library), Unsupervised Learning, Generative AI, Keras (Neural Network Library), Supervised Learning, Deep Learning, Reinforcement Learning, Regression Analysis, Scikit Learn (Machine Learning Library), Applied Machine Learning, Generative AI Agents, Natural Language Processing, Tensorflow, Artificial Neural Networks, OpenAI, Machine Learning, Python Programming, Data Science",4.6,21K reviews,Intermediate,3 - 6 Months
23,IBM Data Management,IBM,"Dashboard, Data Storytelling, Data Warehousing, SQL, Data Governance, Data Visualization, Data Security, Data Migration, Database Design, Data Literacy, MySQL, Descriptive Statistics, Extract, Transform, Load, Data Store, Data Management, Relational Databases, Databases, Data Architecture, Excel Formulas, Business Intelligence",4.7,17K reviews,Beginner,3 - 6 Months
24,Meta Front-End Developer,Meta,"Jest (JavaScript Testing Framework), Version Control, UI/UX Research, Usability Testing, Responsive Web Design, Data Structures, Unix Commands, HTML and CSS, Git (Version Control System), Persona (User Experience), GitHub, Interaction Design, Bootstrap (Front-End Framework), React.js, Mobile Development, Front-End Web Development, Algorithms, Web Development Tools, Javascript, Cascading Style Sheets (CSS)",4.7,23K reviews,Beginner,3 - 6 Months
25,IBM Business Analyst,IBM,"Data Storytelling, Risk Mitigation, Business Analysis, Business Process Modeling, Risk Analysis, Project Scoping, Process Optimization, Data Visualization, Requirements Management, Prompt Engineering, Risk Management, Business Requirements, Stakeholder Management, Work Breakdown Structure, Digital Transformation, Stakeholder Engagement, Excel Formulas, Microsoft Excel, Business Analytics, Process Analysis",4.7,13K reviews,Beginner,3 - 6 Months
26,IBM Business Intelligence (BI) Analyst,IBM,"Dashboard, Data Storytelling, Data Visualization, Database Design, MySQL, Presentations, Descriptive Statistics, Extract, Transform, Load, Business Intelligence, Data Visualization Software, IBM DB2, Tableau Software, Relational Databases, Star Schema, Interactive Data Visualization, IBM Cognos Analytics, Microsoft SQL Servers, Data-Driven Decision-Making, Excel Formulas, Microsoft Excel",4.7,15K reviews,Beginner,3 - 6 Months
27,Meta Social Media Marketing,Meta,"Paid media, Social Media Management, Social Media Marketing, Social Media, Marketing Analytics, Target Audience, Content Creation, Marketing Budgets, Social Media Strategy, Social Media Campaigns, Instagram, Campaign Management, Marketing Effectiveness, Online Advertising, Marketing, Performance Analysis, Key Performance Indicators (KPIs), Goal Setting, Digital Marketing, Brand Management",4.8,22K reviews,Beginner,3 - 6 Months
28,IBM Full-Stack JavaScript Developer,IBM,"Istio, Node.JS, Software Development Life Cycle, Software Architecture, Kubernetes, Server Side, Application Deployment, CI/CD, Cloud-Native Computing, React Redux, Responsive Web Design, NoSQL, OpenShift, Restful API, Git (Version Control System), Cloud Applications, Ajax, Javascript, Azure DevOps, Engineering Software",4.6,8K reviews,Beginner,3 - 6 Months
29,IBM Back-end JavaScript Developer,IBM,"Istio, Open Web Application Security Project (OWASP), Node.JS, Containerization, Software Development Life Cycle, Software Architecture, Kubernetes, Server Side, Application Deployment, Cloud-Native Computing, Responsive Web Design, NoSQL, OpenShift, Restful API, Git (Version Control System), Ajax, Grafana, Javascript, Azure DevOps, Engineering Software",4.6,7.7K reviews,Beginner,3 - 6 Months
30,Generative AI Leader,Google Cloud,"Prompt Engineering, Generative AI Agents, Generative AI, Google Cloud Platform, Google Workspace, Data Management, Productivity Software, Cloud Solutions, Unstructured Data, Large Language Modeling, Strategic Leadership, Workflow Management, Business Strategies, Data Governance, Cloud Infrastructure, Information Privacy, Cloud Computing, Innovation, Artificial Intelligence, Collaboration",4.7,238 reviews,Beginner,3 - 6 Months
31,IBM iOS and Android Mobile App Developer,IBM,"React Native, Prompt Engineering, Software Development Life Cycle, Flutter (Software), Software Architecture, Swift Programming, Apple Xcode, Mobile Development, Android Studio, User Centered Design, Android Development, Apple iOS, React Redux, Responsive Web Design, Git (Version Control System), GitHub, React.js, Software Design, Android (Operating System), AI Personalization",4.6,6.9K reviews,Beginner,3 - 6 Months
32,IBM Java Developer,IBM,"Prompt Engineering, Cloud-Native Computing, Software Development Life Cycle, Software Architecture, Hibernate (Java), Database Design, Responsive Web Design, Docker (Software), Containerization, Git (Version Control System), GitHub, Object Oriented Programming (OOP), Microservices, CI/CD, Restful API, Java Programming, Engineering Software, Version Control, Database Management, Software Design",4.6,6.1K reviews,Beginner,3 - 6 Months
33,IBM Front-End Developer,IBM,"Bootstrap (Front-End Framework), Software Development Life Cycle, Software Architecture, User Centered Design, Cloud-Native Computing, React Redux, Responsive Web Design, NoSQL, Git (Version Control System), GitHub, Webpack, Application Development, MongoDB, React.js, Agile Methodology, Software Design, Cascading Style Sheets (CSS), Front-End Web Development, HTML and CSS, Engineering Software",4.6,7K reviews,Beginner,3 - 6 Months
34,IBM Product Owner,IBM,"User Story, Sprint Retrospectives, Backlogs, Agile Product Development, Agile Software Development, Scrum (Software Development), Stakeholder Communications, Agile Methodology, Kanban Principles, Generative AI, Product Roadmaps, Virtual Teams, Information Technology, Agile Project Management, Computer Hardware, ChatGPT, Stakeholder Management, Sprint Planning, Product Management, Market Intelligence",4.7,5.9K reviews,Beginner,3 - 6 Months
35,IBM RAG and Agentic AI,IBM,"Prompt Engineering, Generative AI, Generative AI Agents, Agentic systems, OpenAI, Artificial Intelligence and Machine Learning (AI/ML), Software Design, Data Governance, User Interface (UI), Application Development, Large Language Modeling, Semantic Web, Database Systems, Databases, Data Storage Technologies, NoSQL, Full-Stack Web Development, Collaborative Software, Flask (Web Framework), Software Development",4.6,144 reviews,Advanced,3 - 6 Months
36,IBM IT Project Manager,IBM,"User Story, Stakeholder Engagement, Software Development Life Cycle, Software Architecture, Project Management Life Cycle, Resource Management, Peer Review, Agile Software Development, Scrum (Software Development), Earned Value Management, Stakeholder Management, Agile Methodology, Project Risk Management, Project Management, Information Technology, Risk Management, Sprint Retrospectives, Interviewing Skills, Leadership, Communication",4.7,9.2K reviews,Beginner,3 - 6 Months
37,IBM and ISC2 Cybersecurity Specialist,Multiple educators,"Network Security, Incident Response, Cloud Computing Architecture, Penetration Testing, Computer Security Incident Management, Cloud Services, Business Continuity, Disaster Recovery, Security Controls, Configuration Management, Governance, Cloud Security, Cloud Technologies, Cybersecurity, Data Storage, Peripheral Devices, Application Security, Data Storage Technologies, Information Technology, Cryptography",4.7,14K reviews,Beginner,3 - 6 Months
38,Intuit Academy Bookkeeping,Intuit,"Reconciliation, Financial Statements, Financial Statement Analysis, Inventory Accounting, Payroll, Bookkeeping, QuickBooks (Accounting Software), Payroll Administration, Inventory Control, Payroll Processing, Income Statement, Balance Sheet, Depreciation, Fixed Asset, Payroll Tax, Property Accounting, Accounting Software, Financial Analysis, Sales Tax, Financial Accounting",4.6,7.6K reviews,Beginner,3 - 6 Months
39,IBM IT Scrum Master,IBM,"User Story, Software Development Life Cycle, Software Architecture, Sprint Retrospectives, Agile Software Development, Kanban Principles, DevOps, Backlogs, Software Design, Scrum (Software Development), Information Technology, Agile Project Management, Software Engineering, Computer Hardware, Software Design Patterns, Agile Methodology, Sprint Planning, Leadership, Risk Management, Communication",4.8,10K reviews,Beginner,3 - 6 Months
40,IBM Product Manager,IBM,"User Story, Usability Testing, New Product Development, Product Management, Product Lifecycle Management, Product Development, Innovation, Agile Software Development, Scrum (Software Development), Product Roadmaps, Agile Methodology, Kanban Principles, Backlogs, Product Planning, Sprint Retrospectives, Agile Project Management, Product Strategy, Product Testing, Project Management Life Cycle, Leadership",4.8,3.8K reviews,Beginner,3 - 6 Months
41,Microsoft AI Product Manager,Microsoft,"Competitive Analysis, Market Research, User Story, Product Roadmaps, Competitive Intelligence, Usability, Persona Development, Product Development, Market Analysis, New Product Development, Product Management, Design Thinking, User Interface (UI) Design, Market Opportunities, Business Research, Product Lifecycle Management, Quality Assurance and Control, Product Quality (QA/QC), Product Strategy, Data Analysis",4.6,155 reviews,Beginner,3 - 6 Months
42,IBM Cybersecurity Analyst,IBM,"Cyber Threat Hunting, Incident Response, IT Service Management, Identity and Access Management, Cloud Computing, Information Technology Infrastructure Library, Endpoint Security, Malware Protection, Penetration Testing, Linux, Computer Security Incident Management, Database Management, Network Security, Networking Hardware, TCP/IP, Intrusion Detection and Prevention, Cybersecurity, Cyber Threat Intelligence, Interviewing Skills, Cyber Security Assessment",4.6,26K reviews,Beginner,3 - 6 Months
43,Arizona State University TESOL,Arizona State University,"Oral Comprehension, Learning Management Systems, Education Software and Technology, Language Competency, Pedagogy, Literacy, Learning Strategies, Instructional Strategies, Enthusiasm, Motivational Skills, Oral Expression, Teaching, Learning Styles, Technology Strategies, Grammar, Language Learning, English Language, Design Elements And Principles, Self-Awareness, Goal Setting",4.9,21K reviews,Beginner,3 - 6 Months
44,Adobe Graphic Designer,Adobe,"Adobe Illustrator, Adobe Photoshop, Logo Design, Digital Design, Generative AI, Graphic Design, User Interface and User Experience (UI/UX) Design, Visual Design, File Management, Process Design, Design Reviews, Prompt Engineering, Image Analysis, Presentations, Client Services, Content Creation, Artificial Intelligence, Version Control, Branding, Storytelling",4.7,1.3K reviews,Beginner,3 - 6 Months
45,Adobe Marketing Specialist,Adobe,"Promotional Strategies, Social Media Content, Digital Marketing, Cross-Channel Marketing, Logo Design, Digital Design, Content Marketing, Creative Design, Target Audience, Generative AI, Visual Design, Marketing Strategies, Campaign Management, Content Creation, Social Media Marketing, Graphic Design, Data Ethics, Content Strategy, Advertising, Market Research",4.7,1.3K reviews,Beginner,3 - 6 Months
46,Adobe Content Creator,Adobe,"Content Creation, Typography, Logo Design, Digital Design, Generative AI, Social Media, Graphic Design, Social Media Management, User Interface and User Experience (UI/UX) Design, Creative Design, Intellectual Property, Adobe Photoshop, Visual Design, Content Marketing, Prompt Engineering, Content Strategy, Infographics, Storytelling, Color Theory, Branding",4.7,1.3K reviews,Beginner,3 - 6 Months
47,DeepLearning.AI Data Engineering,Multiple educators,"Apache Airflow, Data Modeling, Data Pipelines, Data Storage, Data Architecture, Requirements Analysis, Data Processing, Data Warehousing, Query Languages, Apache Hadoop, Extract, Transform, Load, Data Lakes, Amazon Web Services, File Systems, Apache Spark, Database Systems, Feature Engineering, Data Integration, AWS Kinesis, Data Management",4.8,489 reviews,Intermediate,3 - 6 Months
48,DeepLearning.AI Data Analytics,DeepLearning.AI,"Data Storytelling, Web Scraping, Google Sheets, Data Visualization, Data Presentation, Spreadsheet Software, Large Language Modeling, Tableau Software, Data Literacy, Dashboard, LinkedIn, Pandas (Python Package), Time Series Analysis and Forecasting, Probability & Statistics, Extract, Transform, Load, Statistical Analysis, Statistics, Data Analysis, Data Validation, Descriptive Statistics",4.7,161 reviews,Beginner,3 - 6 Months
49,IBM Systems Analyst,IBM,"Test Planning, Data Storytelling, Business Analysis, Business Process Modeling, Process Optimization, Data Visualization, Requirements Management, Business Requirements, Systems Design, Stakeholder Management, Systems Analysis, Process Analysis, Data Modeling, Stakeholder Engagement, Behavior-Driven Development, Information Technology, Business Systems Analysis, Computer Hardware, Agile Methodology, Database Management",4.7,4.6K reviews,Beginner,3 - 6 Months
50,Meta Android Developer,Meta,"React Native, Android Studio, Restful API, Version Control, UI/UX Research, Usability Testing, Git (Version Control System), Data Structures, Jest (JavaScript Testing Framework), Unix Commands, Android Jetpack, Android Development, Persona (User Experience), GitHub, Interaction Design, Kotlin, User Experience Design, User Interface and User Experience (UI/UX) Design, Mobile Development, Javascript",4.6,8.8K reviews,Beginner,3 - 6 Months
51,Meta iOS Developer,Meta,"React Native, iOS Development, Core Data (Software), Restful API, Version Control, Apple iOS, UI/UX Research, Usability Testing, Apple Xcode, Data Structures, Swift Programming, Jest (JavaScript Testing Framework), User Interface (UI), Unix Commands, Git (Version Control System), Persona (User Experience), GitHub, Interaction Design, Mobile Development, Javascript",4.6,8.3K reviews,Beginner,3 - 6 Months
52,Meta Back-End Developer,Meta,"Django (Web Framework), Full-Stack Web Development, Version Control, Restful API, Data Structures, Unix Commands, Bootstrap (Front-End Framework), Git (Version Control System), Back-End Web Development, GitHub, Web Design and Development, Relational Databases, Front-End Web Development, Object Oriented Programming (OOP), Database Management Systems, SQL, Database Design, Python Programming, Computer Programming, Cloud Hosting",4.6,9.4K reviews,Beginner,3 - 6 Months
53,IBM IT Support,IBM,"Cloud Computing Architecture, Technical Support, Cloud Services, Hardware Troubleshooting, IT Service Management, Cloud Security, Cloud Technologies, Cloud Infrastructure, Cybersecurity, Cloud Platforms, Cloud Hosting, Cloud Engineering, Cloud Computing, Professional Networking, Data Storage, Peripheral Devices, Data Storage Technologies, Information Technology, Application Security, Customer Service",4.7,12K reviews,Beginner,3 - 6 Months
54,Generative AI for Software Development,DeepLearning.AI,"Prompt Engineering, Large Language Modeling, Database Design, Software Documentation, Software Design Patterns, Database Systems, Collaborative Software, Software Testing, ChatGPT, Technical Documentation, Generative AI, Code Review, Software Architecture, API Design, System Design and Implementation, Dependency Analysis, Artificial Intelligence, Software Engineering, Software Development, Machine Learning",4.6,635 reviews,Beginner,1 - 3 Months
55,SAP Technology Consultant,SAP,"Digital Transformation, Cloud Computing Architecture, Stakeholder Engagement, Consulting, Systems Design, Relationship Management, Business Consulting, Cloud Computing, Technical Design, Solution Design, User Feedback, Product Strategy, Technical Consulting, Customer Engagement, Cybersecurity, System Implementation, Professional Networking, Project Management, SAP Applications, Test Planning",4.7,1.4K reviews,Beginner,3 - 6 Months
56,HRCI Human Resource Associate,HRCI,"Talent Acquisition, Training and Development, Compensation and Benefits, Training Programs, Recruitment, Employee Training, Full Cycle Recruitment, Job Analysis, Employee Performance Management, Compensation Management, Performance Appraisal, Job Evaluation, Developing Training Materials, Compensation Strategy, Performance Management, Human Resource Policies, Employee Relations, Occupational Safety And Health, Business Continuity Planning, Risk Management",4.8,2.7K reviews,Beginner,3 - 6 Months
57,IBM Data Architecture,IBM,"NoSQL, Data Warehousing, SQL, Apache Hadoop, Extract, Transform, Load, Apache Airflow, Data Security, Linux Commands, Data Migration, Database Design, Data Governance, MySQL, Database Administration, Apache Spark, Data Pipelines, Apache Kafka, Database Management, Bash (Scripting Language), Data Store, Data Architecture",4.6,6.9K reviews,Beginner,3 - 6 Months
58,DeepLearning.AI TensorFlow Developer,DeepLearning.AI,"Tensorflow, Computer Vision, Image Analysis, Keras (Neural Network Library), Natural Language Processing, Time Series Analysis and Forecasting, Deep Learning, Artificial Neural Networks, Generative AI, Artificial Intelligence and Machine Learning (AI/ML), Applied Machine Learning, Predictive Modeling, Text Mining, Forecasting, Data Processing, Machine Learning, Supervised Learning",4.7,25K reviews,Intermediate,3 - 6 Months
59,Microsoft Excel,Microsoft,"Excel Macros, Prompt Engineering, Microsoft Excel, Data Cleansing, Excel Formulas, Pivot Tables And Charts, Microsoft Copilot, Dashboard, Forecasting, Data Presentation, Data Storytelling, Data Processing, Data Visualization Software, Data Manipulation, Data Visualization, Predictive Modeling, Data Quality, Statistical Analysis, Data Transformation, Data Analysis",4.2,175 reviews,Beginner,3 - 6 Months
60,IBM Data Warehouse Engineer,IBM,"Data Warehousing, SQL, Extract, Transform, Load, Apache Airflow, Linux Commands, Database Design, IBM Cognos Analytics, MySQL, Database Administration, Data Pipelines, Apache Kafka, Database Management, Bash (Scripting Language), Shell Script, Database Architecture and Administration, Data Store, IBM DB2, Data Visualization, Relational Databases, Dashboard",4.7,6.3K reviews,Beginner,3 - 6 Months
61,Microsoft Business Analyst,Microsoft,"Microsoft Power Platform, Excel Formulas, Process Flow Diagrams, Business Process Modeling, User Story, Business Requirements, Stakeholder Management, Data Modeling, Microsoft Excel, Software Development Life Cycle, Requirements Analysis, Requirements Elicitation, Quality Management, Pivot Tables And Charts, Microsoft Visio, Power BI, Microsoft Power Automate/Flow, Business Analysis, Scrum (Software Development), Data Analysis",4.6,1.2K reviews,Beginner,3 - 6 Months
62,"IBM Deep Learning with PyTorch, Keras and Tensorflow",IBM,"PyTorch (Machine Learning Library), Keras (Neural Network Library), Deep Learning, Reinforcement Learning, Unsupervised Learning, Artificial Neural Networks, Generative AI, Tensorflow, Artificial Intelligence and Machine Learning (AI/ML), Machine Learning Methods, Image Analysis, Artificial Intelligence, Program Development, Process Driven Development, Computer Vision, Software Development Life Cycle, Regression Analysis, Time Series Analysis and Forecasting, Network Architecture, Network Model",4.5,3.9K reviews,Intermediate,3 - 6 Months
63,Meta Database Engineer,Meta,"MySQL, Database Design, Version Control, Database Management Systems, Database Management, MySQL Workbench, Extract, Transform, Load, Data Modeling, Data Structures, SQL, Unix Commands, Relational Databases, Databases, Git (Version Control System), Database Systems, GitHub, Stored Procedure, Object Oriented Programming (OOP), Database Administration, Database Development",4.6,7.3K reviews,Beginner,3 - 6 Months
64,IBM Project Manager,IBM,"User Story, Stakeholder Engagement, Project Management Life Cycle, Resource Management, Risk Management, Peer Review, Agile Software Development, Scrum (Software Development), Earned Value Management, Stakeholder Management, Agile Methodology, Project Risk Management, Kanban Principles, Team Motivation, Project Management, IT Management, Interviewing Skills, Professional Networking, Leadership, Communication",4.8,5.1K reviews,Beginner,3 - 6 Months
65,Meta Marketing Analytics,Meta,"Data Storytelling, Data Presentation, Business Metrics, Key Performance Indicators (KPIs), Marketing Analytics, Bayesian Statistics, Data Visualization, Descriptive Statistics, Marketing Effectiveness, Statistical Hypothesis Testing, Target Audience, Marketing Strategies, Data Cleansing, Pandas (Python Package), Data Analysis, Data Visualization Software, A/B Testing, Data Collection, Marketing, Interviewing Skills",4.7,4K reviews,Beginner,3 - 6 Months
66,ADP Entry-Level Payroll Specialist,"Automatic Data Processing, Inc. (ADP)","Payroll, Payroll Processing, Payroll Systems, Payroll Tax, Payroll Reporting, Payroll Administration, Compensation Strategy, Tax Management, Data Entry, Employee Onboarding, Labor Compliance, Labor Law, Compensation Management, Compensation and Benefits, Non-Profit Accounting, Payment Processing and Collection, Workforce Development, Tax Compliance, Human Resources, Data Analysis",4.7,564 reviews,Beginner,3 - 6 Months
67,IBM Applied DevOps Engineering,IBM,"User Story, CI/CD, Istio, Open Web Application Security Project (OWASP), Continuous Integration, Kubernetes, Application Deployment, Test Driven Development (TDD), Gherkin (Scripting Language), Jenkins, Agile Software Development, Scrum (Software Development), Code Coverage, Cloud-Native Computing, OpenShift, DevOps, Secure Coding, Grafana, System Monitoring, Agile Methodology",4.7,7.4K reviews,Intermediate,3 - 6 Months
68,Preparing for Google Cloud Certification: Cloud Architect,Google Cloud,"Cloud Infrastructure, Identity and Access Management, Kubernetes, Google Cloud Platform, Prompt Engineering, Application Deployment, Cloud Storage, Containerization, Infrastructure As A Service (IaaS), Cloud Computing, CI/CD, Terraform, Cloud Computing Architecture, Cloud Security, Cloud Management, Cloud Services, Load Balancing, Service Level Agreement, Infrastructure as Code (IaC), Process Analysis",4.7,59K reviews,Intermediate,3 - 6 Months
69,Microsoft Cloud Support Associate,Microsoft,"Microsoft 365, Network Security, Cloud Management, Microsoft Azure, Business Software, Computer Hardware, Virtual Machines, Identity and Access Management, Cybersecurity, Network Troubleshooting, Desktop Support, Virtual Private Networks (VPN), Azure Active Directory, Technical Support, Hardware Troubleshooting, Hardware Architecture, System Monitoring, Disaster Recovery, Cloud Computing, Network Protocols",4.7,1.2K reviews,Beginner,3 - 6 Months
70,Preparing for Google Cloud Certification: Cloud Engineer,Google Cloud,"Cloud Infrastructure, Identity and Access Management, Kubernetes, Google Cloud Platform, Prompt Engineering, Cloud Storage, Containerization, Infrastructure As A Service (IaaS), Terraform, Cloud Computing Architecture, Cloud Management, Cloud Services, Load Balancing, Cloud Engineering, Application Deployment, Infrastructure as Code (IaC), Virtual Machines, Data Storage Technologies, Cloud Computing, Docker (Software)",4.7,59K reviews,Intermediate,3 - 6 Months
71,Microsoft IT Support Specialist,Microsoft,"Microsoft 365, Network Security, Business Software, Computer Hardware, Cybersecurity, Desktop Support, Virtual Private Networks (VPN), Network Troubleshooting, Technical Support, Hardware Troubleshooting, Hardware Architecture, Generative AI, Operating Systems, Collaborative Software, System Support, Network Protocols, TCP/IP, Application Security, Microsoft Teams, Cloud Computing",4.7,1.1K reviews,Beginner,3 - 6 Months
72,Meta Data Analyst,Meta,"Data Storytelling, Data Presentation, Business Metrics, Key Performance Indicators (KPIs), Data Management, Data Collection, Data Governance, Bayesian Statistics, Data Visualization, Descriptive Statistics, Statistical Hypothesis Testing, Information Privacy, Data Cleansing, Pandas (Python Package), Data Analysis, Data Visualization Software, Spreadsheet Software, Exploratory Data Analysis, SQL, Python Programming",4.7,1.5K reviews,Beginner,3 - 6 Months
73,Preparing for Google Cloud Certification: Machine Learning Engineer,Google Cloud,"Feature Engineering, MLOps (Machine Learning Operations), Prompt Engineering, Google Cloud Platform, Generative AI, Tensorflow, Keras (Neural Network Library), Apache Airflow, Cloud Infrastructure, CI/CD, Artificial Intelligence and Machine Learning (AI/ML), Data Pipelines, Dataflow, Systems Design, Cloud Platforms, Data Management, Data Governance, Hybrid Cloud Computing, Machine Learning, Cloud Computing",4.4,4.9K reviews,Intermediate,3 - 6 Months
74,Microsoft Project Management,Microsoft,"Stakeholder Management, Virtual Teams, Scheduling, Team Management, Conflict Management, Project Schedules, Project Management Life Cycle, Project Management Office (PMO), Project Coordination, Excel Formulas, Procurement, Kanban Principles, Performance Measurement, Strategic Communication, Leadership, Risk Management, Communication, Planning, Project Management, Budgeting",4.6,541 reviews,Beginner,3 - 6 Months
75,Microsoft Python Development,Microsoft,"Web Scraping, Data Structures, Git (Version Control System), Generative AI, Version Control, Matplotlib, Plotly, DevOps, Agile Methodology, Web Development, Data Ethics, Flask (Web Framework), Data Visualization, Scripting, GitHub, Debugging, Data Cleansing, Data Analysis, Automation, Cloud Computing",4.4,389 reviews,Beginner,3 - 6 Months
76,Preparing for Google Cloud Certification: Cloud Developer,Google Cloud,"Cloud Applications, Google Cloud Platform, Cloud Development, Containerization, Cloud Infrastructure, Application Deployment, Prompt Engineering, CI/CD, Kubernetes, Microservices, Docker (Software), Application Development, Serverless Computing, Identity and Access Management, Cloud Services, Virtual Machines, Generative AI, Cloud Computing, Cloud Storage, Debugging",4.7,49K reviews,Intermediate,3 - 6 Months
77,IBM Machine Learning,IBM,"Exploratory Data Analysis, Feature Engineering, Unsupervised Learning, Supervised Learning, Generative AI, Regression Analysis, Dimensionality Reduction, Reinforcement Learning, Deep Learning, Data Analysis, Statistical Inference, Applied Machine Learning, Predictive Modeling, Statistical Hypothesis Testing, Data Processing, Statistical Analysis, Machine Learning Algorithms, Machine Learning, Data Science, Python Programming",4.6,3.3K reviews,Intermediate,3 - 6 Months
78,Preparing for Google Cloud Certification: Cloud DevOps Engineer,Google Cloud,"Site Reliability Engineering, Kubernetes, Application Performance Management, Google Cloud Platform, Cloud Infrastructure, System Monitoring, Prompt Engineering, Application Deployment, Identity and Access Management, CI/CD, Containerization, Cloud Storage, Cloud Security, Cloud Services, Cloud Management, Service Level Agreement, Virtual Machines, Safety Culture, Event Monitoring, Culture Transformation",4.7,54K reviews,Beginner,3 - 6 Months
79,AWS Cloud Technology Consultant,Amazon Web Services,"AWS Identity and Access Management (IAM), Infrastructure as Code (IaC), Amazon CloudWatch, AWS CloudFormation, Amazon DynamoDB, Software Development Life Cycle, CI/CD, Amazon Web Services, Professional Networking, IT Automation, Cloud Computing, Amazon S3, Extract, Transform, Load, DevOps, Software Architecture, Cloud Computing Architecture, Cloud Management, Data Management, Problem Solving, Teamwork",4.8,6.7K reviews,Beginner,3 - 6 Months
80,NASM Personal Fitness Trainer,National Academy of Sports Medicine,"Goal Setting, Kinesiology, Nutrition and Diet, Health Assessment, Nutrition Education, Preventative Care, Public Health and Disease Prevention, Patient Education And Counseling, Respiration, Train The Trainer, Chronic Diseases, Patient Evaluation, Physical Therapy, Rehabilitation, Injury Prevention, Neurology, Automated External Defibrillator, Cardiopulmonary Resuscitation (CPR), Overcoming Obstacles, Coaching",4.8,208 reviews,Beginner,3 - 6 Months
81,AWS Cloud Solutions Architect,Amazon Web Services,"AWS Identity and Access Management (IAM), Amazon CloudWatch, Data Lakes, Amazon DynamoDB, Amazon Web Services, Serverless Computing, Cloud Computing, Amazon S3, Scalability, Amazon Elastic Compute Cloud, Event-Driven Programming, Cloud Security, Solution Architecture, Data Visualization, Cloud Storage, Data Architecture, Software Architecture, Cloud Computing Architecture, API Gateway, Hybrid Cloud Computing",4.8,6.8K reviews,Intermediate,3 - 6 Months
82,AWS Cloud Support Associate,Amazon Web Services,"AWS Identity and Access Management (IAM), Infrastructure as Code (IaC), Command-Line Interface, Amazon CloudWatch, AWS CloudFormation, Root Cause Analysis, Amazon DynamoDB, Customer Relationship Building, Network Troubleshooting, Amazon Web Services, Customer Relationship Management, Software Architecture, IT Automation, Linux Commands, Cloud Computing, Technical Support, Web Applications, Information Technology, Customer Service, Software Development",4.8,6.5K reviews,Beginner,3 - 6 Months
83,Microsoft Cybersecurity Analyst,Microsoft,"Threat Modeling, MITRE ATT&CK Framework, Penetration Testing, Azure Active Directory, Network Security, Computer Systems, Security Information and Event Management (SIEM), Security Testing, Encryption, Cybersecurity, System Testing, Cloud Security, Vulnerability Scanning, Threat Management, Cloud Computing, Business Software, Authentications, Active Directory, Data Management, Computer Security Incident Management",4.7,2.7K reviews,Beginner,3 - 6 Months
84,Google Cloud Digital Leader Training,Google Cloud,"Cloud Management, Serverless Computing, Google Cloud Platform, Digital Transformation, Data Governance, Cloud Services, Distributed Denial-Of-Service (DDoS) Attacks, Cloud Security, Cloud Infrastructure, Application Programming Interface (API), Real Time Data, Tensorflow, Data Management, Hybrid Cloud Computing, Data Warehousing, Artificial Intelligence, Infrastructure As A Service (IaaS), Cloud Computing, Big Data, Data Security",4.8,4.7K reviews,Beginner,3 - 6 Months
85,IBM Program Manager,IBM,"User Story, Program Management, Stakeholder Management, Resource Allocation, Stakeholder Engagement, Agile Software Development, Scrum (Software Development), Agile Methodology, Kanban Principles, Project Management Life Cycle, Backlogs, Change Management, Project Management Office (PMO), Sprint Retrospectives, Agile Project Management, Organizational Strategy, Risk Management, Project Management, Generative AI Agents, Leadership",4.8,2.6K reviews,Beginner,3 - 6 Months
86,Preparing for Google Cloud Certification: Cloud Security Engineer,Google Cloud,"Application Performance Management, Distributed Denial-Of-Service (DDoS) Attacks, Google Cloud Platform, Kubernetes, Cloud Infrastructure, Identity and Access Management, Data Loss Prevention, Load Balancing, System Monitoring, Prompt Engineering, Network Monitoring, Cloud Computing Architecture, Containerization, Network Architecture, Role-Based Access Control (RBAC), Network Security, OAuth, Network Routing, Cloud Security, Virtual Private Networks (VPN)",4.7,50K reviews,Intermediate,3 - 6 Months
87,Preparing for Google Cloud Certification: Cloud Network Engineer,Google Cloud,"Application Performance Management, Distributed Denial-Of-Service (DDoS) Attacks, Google Cloud Platform, Cloud Infrastructure, Load Balancing, System Monitoring, Prompt Engineering, Kubernetes, Network Performance Management, Network Monitoring, Cloud Computing Architecture, Containerization, Network Architecture, Network Security, Cloud Storage, Cloud Services, Identity and Access Management, Network Routing, Virtual Private Networks (VPN), Network Troubleshooting",4.7,50K reviews,Intermediate,3 - 6 Months
88,IBM UI/UX Designer,IBM,"User Story, Information Architecture, UI/UX Research, User Research, User Interface and User Experience (UI/UX) Design, Design Thinking, User Experience, Agile Software Development, Scrum (Software Development), User Centered Design, Agile Methodology, Design Research, Usability, Usability Testing, Responsive Web Design, Kanban Principles, User Interface (UI), Figma (Design Software), Wireframing, Prototyping",4.9,2.6K reviews,Beginner,3 - 6 Months
89,Amazon Junior Software Developer,Amazon,"Git (Version Control System), Software Development Methodologies, JUnit, Requirements Analysis, Version Control, Application Development, Software Development Life Cycle, SQL, Full-Stack Web Development, Test Driven Development (TDD), Systems Development, Software Development, Restful API, Object Oriented Programming (OOP), Object Oriented Design, Database Management, MySQL, Digital Transformation, Java Programming, Generative AI",4.5,365 reviews,Beginner,3 - 6 Months
90,Preparing for Google Cloud Certification: Cloud Data Engineer,Google Cloud,"Data Pipelines, Dataflow, Google Cloud Platform, Real Time Data, Data Maintenance, Data Lakes, Data Storage, MLOps (Machine Learning Operations), Data Analysis, Dashboard, Data Warehousing, Data Processing, Extract, Transform, Load, Cloud Engineering, Data Infrastructure, Cloud Infrastructure, Apache Airflow, Cloud Storage, Big Data, Tensorflow",4.6,19K reviews,Intermediate,3 - 6 Months
91,Epic Games Game Design,Epic Games,"Unreal Engine, Game Design, Video Game Development, Animation and Game Design, Ideation, 3D Modeling, Visualization (Computer Graphics), Software Documentation, Software Design Documents, User Experience Design, Computer Graphics, Usability, User Interface (UI), User Experience, User Interface (UI) Design, Interactive Design, Virtual Environment, Version Control, Conceptual Design, Prototyping",4.3,433 reviews,Beginner,3 - 6 Months
92,Salesforce Sales Operations,Salesforce,"Sales Pipelines, Sales Process, Sales Operations, Customer Success Management, Order Management, Sales Management, Salesforce, Dashboard, Sales, Sales Development, Customer Relationship Management (CRM) Software, Lead Generation, Request For Quotation (RFQ), Sales Support, Customer Relationship Management, Sales Enablement, Product Knowledge, B2B Sales, Campaign Management, Data Visualization",4.6,2K reviews,Beginner,3 - 6 Months
93,Google Professional Workspace Administrator,Google Cloud,"User Provisioning, Data Governance, Google Workspace, Data Loss Prevention, Gmail, User Accounts, Information Management, Email Security, Data Management, Data Security, Document Management, Identity and Access Management, Mobile Security, Records Management, Data Storage, Security Management, Cloud Security, Service Management, Scripting, Technical Support",4.7,1.5K reviews,Beginner,1 - 3 Months
94,Microsoft AI & ML Engineering,Microsoft,"Unsupervised Learning, Generative AI, Large Language Modeling, Data Management, Natural Language Processing, MLOps (Machine Learning Operations), Supervised Learning, Microsoft Azure, Deep Learning, Artificial Intelligence and Machine Learning (AI/ML), Infrastructure Architecture, Cloud Infrastructure, Generative AI Agents, Applied Machine Learning, Reinforcement Learning, Data Ethics, Prompt Engineering, Data Processing, Artificial Intelligence, Application Deployment",4.6,204 reviews,Intermediate,3 - 6 Months
95,Microsoft Full-Stack Developer,Microsoft,"CI/CD, GitHub, C# (Programming Language), HTML and CSS, Load Balancing, Continuous Integration, Git (Version Control System), Role-Based Access Control (RBAC), Scalability, Object Oriented Programming (OOP), Authentications, ASP.NET, Full-Stack Web Development, Web Development, Debugging, SQL, Application Deployment, Microsoft Copilot, .NET Framework, Graph Theory",4.5,212 reviews,Beginner,3 - 6 Months
96,SAP Business Analyst,SAP,"User Story, Business Process Modeling, Risk Analysis, Performance Measurement, Stakeholder Management, Process Analysis, Business Analysis, Risk Management, Requirements Elicitation, Requirements Management, Process Mapping, Stakeholder Engagement, Process Improvement, Business Systems Analysis, Business Risk Management, Gap Analysis, Enterprise Risk Management (ERM), Stakeholder Communications, Business Requirements, User Requirements Documents",4.3,62 reviews,Beginner,3 - 6 Months
97,python data science,,python libraries,,,,4 weeks
